{
  "/authenticate-22" : {
    "transaction" : "/authenticate-22",
    "sampleCount" : 3,
    "errorCount" : 0,
    "errorPct" : 0.0,
    "meanResTime" : 470.0,
    "medianResTime" : 471.0,
    "minResTime" : 461.0,
    "maxResTime" : 478.0,
    "pct1ResTime" : 478.0,
    "pct2ResTime" : 478.0,
    "pct3ResTime" : 478.0,
    "throughput" : 6.2761506276150625,
    "receivedKBytesPerSec" : 29.24784257322176,
    "sentKBytesPerSec" : 14.961019220711298
  },
  "Total" : {
    "transaction" : "Total",
    "sampleCount" : 21,
    "errorCount" : 0,
    "errorPct" : 0.0,
    "meanResTime" : 527.2857142857141,
    "medianResTime" : 238.0,
    "minResTime" : 227.0,
    "maxResTime" : 2046.0,
    "pct1ResTime" : 1811.2000000000003,
    "pct2ResTime" : 2029.0999999999997,
    "pct3ResTime" : 2046.0,
    "throughput" : 6.990679094540613,
    "receivedKBytesPerSec" : 23.20343708388815,
    "sentKBytesPerSec" : 9.490275986185086
  },
  "/logout-30-1" : {
    "transaction" : "/logout-30-1",
    "sampleCount" : 3,
    "errorCount" : 0,
    "errorPct" : 0.0,
    "meanResTime" : 232.0,
    "medianResTime" : 233.0,
    "minResTime" : 230.0,
    "maxResTime" : 233.0,
    "pct1ResTime" : 233.0,
    "pct2ResTime" : 233.0,
    "pct3ResTime" : 233.0,
    "throughput" : 11.627906976744185,
    "receivedKBytesPerSec" : 43.82040334302325,
    "sentKBytesPerSec" : 12.627180232558139
  },
  "/logout-30-0" : {
    "transaction" : "/logout-30-0",
    "sampleCount" : 3,
    "errorCount" : 0,
    "errorPct" : 0.0,
    "meanResTime" : 231.66666666666666,
    "medianResTime" : 229.0,
    "minResTime" : 229.0,
    "maxResTime" : 237.0,
    "pct1ResTime" : 237.0,
    "pct2ResTime" : 237.0,
    "pct3ResTime" : 237.0,
    "throughput" : 11.811023622047244,
    "receivedKBytesPerSec" : 16.436238927165356,
    "sentKBytesPerSec" : 12.456938976377952
  },
  "/authenticate-22-1" : {
    "transaction" : "/authenticate-22-1",
    "sampleCount" : 3,
    "errorCount" : 0,
    "errorPct" : 0.0,
    "meanResTime" : 231.66666666666666,
    "medianResTime" : 232.0,
    "minResTime" : 227.0,
    "maxResTime" : 236.0,
    "pct1ResTime" : 236.0,
    "pct2ResTime" : 236.0,
    "pct3ResTime" : 236.0,
    "throughput" : 12.295081967213115,
    "receivedKBytesPerSec" : 39.790919569672134,
    "sentKBytesPerSec" : 14.804527407786885
  },
  "/login-4" : {
    "transaction" : "/login-4",
    "sampleCount" : 3,
    "errorCount" : 0,
    "errorPct" : 0.0,
    "meanResTime" : 1823.6666666666667,
    "medianResTime" : 1877.0,
    "minResTime" : 1548.0,
    "maxResTime" : 2046.0,
    "pct1ResTime" : 2046.0,
    "pct2ResTime" : 2046.0,
    "pct3ResTime" : 2046.0,
    "throughput" : 1.4641288433382138,
    "receivedKBytesPerSec" : 5.261713030746706,
    "sentKBytesPerSec" : 0.6648631954612007
  },
  "/authenticate-22-0" : {
    "transaction" : "/authenticate-22-0",
    "sampleCount" : 3,
    "errorCount" : 0,
    "errorPct" : 0.0,
    "meanResTime" : 237.33333333333334,
    "medianResTime" : 238.0,
    "minResTime" : 232.0,
    "maxResTime" : 242.0,
    "pct1ResTime" : 242.0,
    "pct2ResTime" : 242.0,
    "pct3ResTime" : 242.0,
    "throughput" : 12.396694214876034,
    "receivedKBytesPerSec" : 17.65076188016529,
    "sentKBytesPerSec" : 14.624225206611571
  },
  "/logout-30" : {
    "transaction" : "/logout-30",
    "sampleCount" : 3,
    "errorCount" : 0,
    "errorPct" : 0.0,
    "meanResTime" : 464.6666666666667,
    "medianResTime" : 463.0,
    "minResTime" : 460.0,
    "maxResTime" : 471.0,
    "pct1ResTime" : 471.0,
    "pct2ResTime" : 471.0,
    "pct3ResTime" : 471.0,
    "throughput" : 6.147540983606557,
    "receivedKBytesPerSec" : 31.722272028688526,
    "sentKBytesPerSec" : 13.159579918032787
  }
}